<?xml version="1.0" encoding="UTF-8"?>
<beans xmlns="http://www.springframework.org/schema/beans"
       xmlns:xsi="http://www.w3.org/2001/XMLSchema-instance"
       xmlns:context="http://www.springframework.org/schema/context"
       xsi:schemaLocation="
           http://www.springframework.org/schema/beans
           http://www.springframework.org/schema/beans/spring-beans-3.1.xsd
           http://www.springframework.org/schema/context
           http://www.springframework.org/schema/context/spring-context-3.1.xsd">
    
    <context:annotation-config/>
    
    <bean id="add1" class="com.klu.spring.Address">
    	<property name="street" value="KLU Road"></property>
    	<property name="city" value="Vijayawada"></property>
    </bean>
    
    <bean id="add2" class="com.klu.spring.Address">
    	<property name="street" value="KLU Road 2"></property>
    	<property name="city" value="Hyderabad"></property>
    </bean>
    
    <bean id = "emp1" class="com.klu.spring.Employee">
    	<property name="id" value="10"></property>
    	<property name="fn" value="Balajee"></property>
    	<property name="ln" value="R M"></property>
    	<property name="address" ref="add1"></property>
    </bean>
    
    <bean id = "emp2" class = "com.klu.spring.Employee">
    	<constructor-arg value="20" type="int"></constructor-arg>
    	<constructor-arg value="Balajee"></constructor-arg>
    	<constructor-arg value="R M"></constructor-arg>
    	<constructor-arg>
    		<ref bean = "add1" />
    	</constructor-arg>
    </bean>
    
</beans> 
